Latitude,Longitude,@id,operator,telecom,level,operator:wikidata,ref,description,addr:housenumber,addr:city,addr:postcode,addr:street,name,website,contact:city,contact:housenumber,contact:postcode,contact:street,@relations,building,source,description:en,opening_hours,phone,office,data_center:power,alt_name,old_name,operator:wikipedia,wikidata,check_date,name:en
46.738861,-1.99007,,,,,,,,,,,,,,,,,,,,,,,,,,,,,,,
-12.778507,45.225177,,,,,,,,,,,,,,,,,,,,,,,,,,,,,,,
48.836625,2.801815,,,,,,,,,,,,,,,,,,,,,,,,,,,,,,,
48.836897,2.801897,,,,,,,,,,,,,,,,,,,,,,,,,,,,,,,
48.836988,2.802135,,,,,,,,,,,,,,,,,,,,,,,,,,,,,,,
48.97209,8.12793,,,,,,,,,,,,,,,,,,,,,,,,,,,,,,,
16.317874,-61.723908,,,,,,,,,,,,,,,,,,,,,,,,,,,,,,,
16.318188,-61.723285,,,,,,,,,,,,,,,,,,,,,,,,,,,,,,,
48.836897,2.802412,,,,,,,,,,,,,,,,,,,,,,,,,,,,,,,
49.236849,4.062702,,,,,,,,,,,,,,,,,,,,,,,,,,,,,,,
49.011732,1.39746,,,,,,,,,,,,,,,,,,,,,,,,,,,,,,,
49.011588,1.397896,,,,,,,,,,,,,,,,,,,,,,,,,,,,,,,
49.011502,1.398288,,,,,,,,,,,,,,,,,,,,,,,,,,,,,,,
49.270256,3.995169,,,,,,,,,,,,,,,,,,,,,,,,,,,,,,,
46.611808,0.336356,,,,,,,,,,,,,,,,,,,,,,,,,,,,,,,
45.684494,4.945076,,,,,,,,,,,,,,,,,,,,,,,,,,,,,,,
45.684164,4.94512,,,,,,,,,,,,,,,,,,,,,,,,,,,,,,,
48.633585,7.769271,,,,,,,,,,,,,,,,,,,,,,,,,,,,,,,
47.436383,0.703318,,,,,,,,,,,,,,,,,,,,,,,,,,,,,,,
47.294065,5.030837,,,,,,,,,,,,,,,,,,,,,,,,,,,,,,,
47.294043,5.031266,,,,,,,,,,,,,,,,,,,,,,,,,,,,,,,
47.295142,5.032001,,,,,,,,,,,,,,,,,,,,,,,,,,,,,,,
45.155245,5.7407,,,,,,,,,,,,,,,,,,,,,,,,,,,,,,,
48.096584,-1.632264,,,,,,,,,,,,,,,,,,,,,,,,,,,,,,,
48.365787,1.443501,,,,,,,,,,,,,,,,,,,,,,,,,,,,,,,
50.396222,3.101342,,,,,,,,,,,,,,,,,,,,,,,,,,,,,,,
50.680145,3.01652,,,,,,,,,,,,,,,,,,,,,,,,,,,,,,,
50.613501,3.022034,,,,,,,,,,,,,,,,,,,,,,,,,,,,,,,
49.438148,1.097431,,,,,,,,,,,,,,,,,,,,,,,,,,,,,,,
49.38187,1.035204,,,,,,,,,,,,,,,,,,,,,,,,,,,,,,,
49.263772,1.184807,,,,,,,,,,,,,,,,,,,,,,,,,,,,,,,
47.275997,-1.549737,,,,,,,,,,,,,,,,,,,,,,,,,,,,,,,
47.231576,-1.630949,,,,,,,,,,,,,,,,,,,,,,,,,,,,,,,
47.224304,-1.634946,,,,,,,,,,,,,,,,,,,,,,,,,,,,,,,
47.196711,-1.560595,,,,,,,,,,,,,,,,,,,,,,,,,,,,,,,
46.715641,-1.310699,,,,,,,,,,,,,,,,,,,,,,,,,,,,,,,
45.927394,-0.522366,,,,,,,,,,,,,,,,,,,,,,,,,,,,,,,
44.724311,-0.529747,,,,,,,,,,,,,,,,,,,,,,,,,,,,,,,
43.320323,-0.311716,,,,,,,,,,,,,,,,,,,,,,,,,,,,,,,
43.919411,2.182803,,,,,,,,,,,,,,,,,,,,,,,,,,,,,,,
43.655081,7.147121,,,,,,,,,,,,,,,,,,,,,,,,,,,,,,,
43.626966,7.032516,,,,,,,,,,,,,,,,,,,,,,,,,,,,,,,
43.48772,5.35746,,,,,,,,,,,,,,,,,,,,,,,,,,,,,,,
43.61927,3.908944,,,,,,,,,,,,,,,,,,,,,,,,,,,,,,,
43.583593,3.867724,,,,,,,,,,,,,,,,,,,,,,,,,,,,,,,
43.583127,3.870642,,,,,,,,,,,,,,,,,,,,,,,,,,,,,,,
45.048573,5.086429,,,,,,,,,,,,,,,,,,,,,,,,,,,,,,,
45.187028,5.76632,,,,,,,,,,,,,,,,,,,,,,,,,,,,,,,
45.186604,5.766031,,,,,,,,,,,,,,,,,,,,,,,,,,,,,,,
45.186808,5.767275,,,,,,,,,,,,,,,,,,,,,,,,,,,,,,,
45.314208,5.606278,,,,,,,,,,,,,,,,,,,,,,,,,,,,,,,
45.723214,4.861579,,,,,,,,,,,,,,,,,,,,,,,,,,,,,,,
43.634538,1.475022,,,,,,,,,,,,,,,,,,,,,,,,,,,,,,,
48.798172,1.96945,,,,,,,,,,,,,,,,,,,,,,,,,,,,,,,
48.795359,1.952348,,,,,,,,,,,,,,,,,,,,,,,,,,,,,,,
48.765326,2.057061,,,,,,,,,,,,,,,,,,,,,,,,,,,,,,,
48.777913,2.244011,,,,,,,,,,,,,,,,,,,,,,,,,,,,,,,
48.800702,2.301314,,,,,,,,,,,,,,,,,,,,,,,,,,,,,,,
48.679443,2.210033,,,,,,,,,,,,,,,,,,,,,,,,,,,,,,,
48.650306,2.22353,,,,,,,,,,,,,,,,,,,,,,,,,,,,,,,
48.649384,2.223337,,,,,,,,,,,,,,,,,,,,,,,,,,,,,,,
48.651943,2.22618,,,,,,,,,,,,,,,,,,,,,,,,,,,,,,,
48.651319,2.225139,,,,,,,,,,,,,,,,,,,,,,,,,,,,,,,
48.650433,2.224967,,,,,,,,,,,,,,,,,,,,,,,,,,,,,,,
48.649703,2.225289,,,,,,,,,,,,,,,,,,,,,,,,,,,,,,,
48.650511,2.226276,,,,,,,,,,,,,,,,,,,,,,,,,,,,,,,
48.650972,2.226008,,,,,,,,,,,,,,,,,,,,,,,,,,,,,,,
48.649228,2.225772,,,,,,,,,,,,,,,,,,,,,,,,,,,,,,,
48.650086,2.226985,,,,,,,,,,,,,,,,,,,,,,,,,,,,,,,
48.650015,2.229699,,,,,,,,,,,,,,,,,,,,,,,,,,,,,,,
48.648746,2.227263,,,,,,,,,,,,,,,,,,,,,,,,,,,,,,,
48.64925,2.227027,,,,,,,,,,,,,,,,,,,,,,,,,,,,,,,
48.649072,2.228529,,,,,,,,,,,,,,,,,,,,,,,,,,,,,,,
48.648349,2.228379,,,,,,,,,,,,,,,,,,,,,,,,,,,,,,,
48.839717,2.628704,,,,,,,,,,,,,,,,,,,,,,,,,,,,,,,
48.838834,2.536726,,,,,,,,,,,,,,,,,,,,,,,,,,,,,,,
48.856711,2.49248,,,,,,,,,,,,,,,,,,,,,,,,,,,,,,,
48.870163,2.476773,,,,,,,,,,,,,,,,,,,,,,,,,,,,,,,
48.90222,2.193232,,,,,,,,,,,,,,,,,,,,,,,,,,,,,,,
48.902636,2.192867,,,,,,,,,,,,,,,,,,,,,,,,,,,,,,,
48.91602,2.415909,,,,,,,,,,,,,,,,,,,,,,,,,,,,,,,
48.916168,2.415533,,,,,,,,,,,,,,,,,,,,,,,,,,,,,,,
48.9071,2.368069,,,,,,,,,,,,,,,,,,,,,,,,,,,,,,,
50.6399277,3.1456348,node/11209760563,Ate,data_center,,,,,,,,,,,,,,,,,,,,,,,,,,,,
48.7258632,2.0777812,node/9403059298,OpenStreetMap France,data_center,1,Q26996641,osm32;osm33;osm34;osm35;osm36;osm37,,,,,,,,,,,,,,,,,,,,,,,,,
48.8830181,2.1875495,node/9068705141,Orange,data_center,,,,,,,,,,,,,,,,,,,,,,,,,,,,
48.8787916,2.1663589,node/9068704649,,data_center,,,,,,,,,,,,,,,,,,,,,,,,,,,,
48.8773644,2.1749862,node/9068699148,IFP,data_center,,,,,,,,,,,,,,,,,,,,,,,,,,,,
49.1359706,2.2571554,node/6205137527,,data_center,,,,"data center
en construction (été 2019)",,,,,,,,,,,,,,,,,,,,,,,,
45.7242762,4.8168005,node/6121968632,,data_center,,,,,25C,,,,,,,,,,,,,,,,,,,,,,,
48.1098669,-1.6372955,node/4975162489,Cogent,data_center,,,,data center,40,Rennes,35000,Rue Jean-Marie Huchet,,,,,,,,,,,,,,,,,,,,
48.8428819,2.4040974,node/6289753941,,data_center,,,,data center,5-9,Paris,75012,Rue Mousset-Robert,Acropolis Telecom Paris-Nation,,,,,,,,,,,,,,,,,,,
48.9280589,2.3410779,node/6289367991,,data_center,,,,data center,6,Saint-Denis,93200,Boulevard de la Libération,Ad Valem technologies TDF,,,,,,,,,,,,,,,,,,,
45.4586878,4.396381,node/6212785490,,data_center,,,,,1,Saint-Étienne,42000,Rue de la Presse,Adista Saint-Étienne,,,,,,,,,,,,,,,,,,,
49.085726,6.237733,,,,,,,,,,,,Advanced Mediomatrix,,,,,,,,,,,,,,,,,,,
43.564783,2.26799,,,,,,,,,,,,Albiant IT - Albiréo - Site Saphir,,,,,,,,,,,,,,,,,,,
43.554084,2.274942,,,,,,,,,,,,Albiant IT - Albiréo - Site Topaze,,,,,,,,,,,,,,,,,,,
48.6887201,2.2137794,node/6289873866,,data_center,,,,data center,14,Villebon Sur Yvette,91140,Avenue du Quebec,Alionis DC1,,,,,,,,,,,,,,,,,,,
48.9056227,2.2594863,node/6289527565,,data_center,,,,data center,37,Courbevoie,92400,Rue du Moulin des Bruyères,Alphalink Telco Center,,,,,,,,,,,,,,,,,,,
44.874343,-0.598251,,,,,,,,,,,,Aquitem group,,,,,,,,,,,,,,,,,,,
44.873944,-0.597918,,,,,,,,,,,,Aquitem group,,,,,,,,,,,,,,,,,,,
44.87415,-0.598041,,,,,,,,,,,,Aquitem group,,,,,,,,,,,,,,,,,,,
49.2233907,6.0111466,node/2161096396,,data_center,,,RG2,,117,Joeuf,54240,Franchepré,Association ReptiGo,,,,,,,,,,,,,,,,,,,
48.830119,2.729287,,,,,,,,,,,,BNP Paribas Centre de Traitement Informatique (CTI) Marne Nord,,,,,,,,,,,,,,,,,,,
48.817221,2.642469,,,,,,,,,,,,BNP Paribas Marne Sud,,,,,,,,,,,,,,,,,,,
47.296055,5.033948,,,,,,,,,,,,Bouygues Telecom,,,,,,,,,,,,,,,,,,,
48.79447,2.035858,node/6174610289,Bouygues Telecom,data_center,,Q581438,,data center,,Montigny le Bretonneux,78180,Rue Jean-Pierre Timbaud,Bouygues Telecom Montigny-le-Bretonneux,,,,,,,,,,,,,,,,,,,
48.100682,-1.403868,,,,,,,,,,,,BT Blue,,,,,,,,,,,,,,,,,,,
47.349146,0.769118,,,,,,,,,,,,Castle IT,,,,,,,,,,,,,,,,,,,
48.597018,2.409396,,,,,,,,,,,,CDG1,,,,,,,,,,,,,,,,,,,
47.31485,5.070899,,,,,,,,,,,,Centre de Calcul de l’Université de Bourgogne,,,,,,,,,,,,,,,,,,,
45.781374,4.865087,,,,,,,,,,,,Centre de Calculs et de Données LyonTech-la Doua,,,,,,,,,,,,,,,,,,,
45.762643,3.109453,,,,,,,,,,,,Centre Régional de Ressources Informatiques (CRRI),,,,,,,,,,,,,,,,,,,
43.636184,3.842297,,,,,,,,,,,,CINES,,,,,,,,,,,,,,,,,,,
50.378157,3.522103,,,,,,,,,,,,CIV Anzin,,,,,,,,,,,,,,,,,,,
50.584027,3.136554,,,,,,,,,,,,CIV Sainghin-en-Mélantois,,,,,,,,,,,,,,,,,,,
43.623378,7.038878,,,,,,,,,,,,CNAF Sophia-Antipolis,,,,,,,,,,,,,,,,,,,
48.649838,2.228315,,,,,,,,,,,,CNRS,,,,,,,,,,,,,,,,,,,
44.8629919,-0.5554506,node/6898386156,Cogent Communications,data_center,,,,,,,,,Cogent,,,,,,,,,,,,,,,,,,,
45.189635,5.7369136,node/7522025783,"Cogent Communications, Inc.",data_center,,,,,,,,,Cogent,,,,,,,,,,,,,,,,,,,
47.308729,5.030429,,,,,,,,,,,,Cogent Dijon,,,,,,,,,,,,,,,,,,,
50.637622,3.090312,,,,,,,,,,,,Cogent Lille,,,,,,,,,,,,,,,,,,,
43.600976,3.862628,,,,,,,,,,,,Cogent Montpellier,,,,,,,,,,,,,,,,,,,
47.2026402,-1.5504397,node/6175277339,,data_center,,,,data center,32,Nantes,44000,Boulevard Victor Hugo,Cogent Nantes,,,,,,,,,,,,,,,,,,,
48.907123,2.2416311,node/6175333480,,data_center,,,,data center,77,La Garenne Colombes,92250,Boulevard de la République,Cogent Paris 1,,,,,,,,,,,,,,,,,,,
48.7842025,2.2069451,node/6289632564,Cogentco,data_center,,,,data center,16,Vélizy-Villacoublay,78140,Rue Grange Dame Rose,Cogent Paris 2,https://www.cogentco.com/cogent-france,,,,,,,,,,,,,,,,,,
46.5884206,0.3400181,node/6175354710,,data_center,,,,,18,Poitiers,86000,Boulevard Jeanne d’Arc,Cogent Poitiers,,,,,,,,,,,,,,,,,,,
49.42914,1.076027,,,,,,,,,,,,Cogent Rouen,,,,,,,,,,,,,,,,,,,
43.620264,1.4223,,,,,,,,,,,,Cogent Toulouse,,,,,,,,,,,,,,,,,,,
47.432344,0.686468,,,,,,,,,,,,Cogent Tours,,,,,,,,,,,,,,,,,,,
45.7588426,4.8675607,node/6121906640,,data_center,,,,data center,,,,,Colt Lyon,,,,,,,,,,,,,,,,,,,
48.8352252,2.3981101,node/6121873072,,data_center,,,,data center,,,,,Colt Paris 1,,Paris,60,75012,Rue de Wattignies,,,,,,,,,,,,,,
48.8972718,2.3221778,node/6121864803,,data_center,,,,,63,Paris,75017,Boulevard Bessières,Colt Paris 2,,,,,,,,,,,,,,,,,,,
50.614781,3.103423,,,,,,,,,,,,Comarch Data Center,,,,,,,,,,,,,,,,,,,
43.9119115,2.0557948,node/11691867437,Crypteo,data_center,,,,,,,,,Crypteo,https://www.crypteo.com/,,,,,,,,,,,,,,,,,,
48.4413007,-4.4154696,node/7902526435,Bluecom,data_center,,,,,105,,,Rue Charles Nungesser,Data Center Bluecom,,,,,,,,,,,,,,,,,,,
45.833225,3.136961,,,,,,,,,,,,Data center free,,,,,,,,,,,,,,,,,,,
48.648477,2.230697,,,,,,,,,,,,Data4 Campus Paris Saclay,,,,,,,,,,,,,,,,,,,
48.650228,2.22751,,,,,,,,,,,,Data4 Marcoussis,,,,,,,,,,,,,,,,,,,
48.664267,2.208413,,,,,,,,,,,,DATA4 Paris Marcoussis PAR2,,,,,,,,,,,,,,,,,,,
48.819937,2.393401,node/7900883632,Aqua Ray,data_center,,,,,14,Ivry-sur-Seine,94800,Rue Jules Vanzuppe,Datacenter Aqua Ray,https://aquaray.com,,,,,,,,,,,,,,,,,,
45.157611,1.509215,,,,,,,,,,,,Datacenter ArteOne,,,,,,,,,,,,,,,,,,,
48.90923,2.396908,,,,,,,,,,,,Datacenter Atos,,,,,,,,,,,,,,,,,,,
48.841475,2.624788,,,,,,,,,,,,Datacenter Banque de France,,,,,,,,,,,,,,,,,,,
48.838834,2.787952,,,,,,,,,,,,Datacenter Banque de France,,,,,,,,,,,,,,,,,,,
49.265256,1.221457,,,,,,,,,,,,Datacenter BNP,,,,,,,,,,,,,,,,,,,
48.835981,2.801996,node/7900705124,,,,,,,,,,,Datacenter BNP Paribas Marne Est 1,,,,,,[object Object],,,,,,,,,,,,,
48.836539,2.803037,node/13180731911,,,,,,,,,,,Datacenter BNP Paribas Marne Est 2,,,,,,[object Object],,,,,,,,,,,,,
48.7256141,2.4709503,node/9002215626,Bouygues Télécom,data_center,,Q581438,,,,,,,Datacenter Bouygues Télécom,,,,,,,,,,,,,,,,,,,
48.769287,2.227478,,,,,,,,,,,,Datacenter Bouygues Télécom,,,,,,,,,,,,,,,,,,,
48.776718,2.24179,,,,,,,,,,,,Datacenter Bouygues Télécom,,,,,,,,,,,,,,,,,,,
48.777022,2.24193,,,,,,,,,,,,Datacenter Bouygues Télécom,,,,,,,,,,,,,,,,,,,
48.973224,2.04365,,,,,,,,,,,,Datacenter Bouygues Télécom,,,,,,,,,,,,,,,,,,,
48.815851,2.302859,,,,,,,,,,,,Datacenter Colt,,,,,,,,,,,,,,,,,,,
48.910161,2.395492,,,,,,,,,,,,Datacenter Completel,,,,,,,,,,,,,,,,,,,
48.5803658,7.7633567,node/8904810128,,data_center,,,,,,,,,Datacenter de l'Université de Strasbourg,,,,,,,,,,,,,,,,,,,
49.054127,2.066782,,,,,,,,,,,,Datacenter des Douanes,,,,,,,,,,,,,,,,,,,
48.9203538,2.34085,node/8297551605,EDF,data_center,,,,,,,,,Datacenter EDF,,,,,,,data_center,,,,,,,,,,,,
49.01188,1.398225,,,,,,,,,,,,Datacenter EDF,,,,,,,,,,,,,,,,,,,
43.62626,3.909309,,,,,,,,,,,,Datacenter France Travail,,,,,,,,,,,,,,,,,,,
48.07005,-1.836905,,,,,,,,,,,,Datacenter Groupama,,,,,,,,,,,,,,,,,,,
47.059978,2.356825,,,,,,,,,,,,Datacenter Groupama,,,,,,,,,,,,,,,,,,,
45.440628,4.400483,,,,,,,,,,,,Datacenter Groupe Casino,,,,,,,,,,,,,,,,,,,
48.830896,2.67265,,,,,,,,,,,,Datacenter IBM,,,,,,,,,,,,,,,,,,,
48.832499,2.692873,,,,,,,,,,,,Datacenter IBM,,,,,,,,,,,,,,,,,,,
45.807653,3.14239,,,,,,,,,,,,Datacenter IBM,,,,,,,,,,,,,,,,,,,
45.836035,3.137712,,,,,,,,,,,,Datacenter IBM,,,,,,,,,,,,,,,,,,,
45.836368,3.138056,,,,,,,,,,,,Datacenter IBM,,,,,,,,,,,,,,,,,,,
50.56514,3.030746,,,,,,,,,,,,Datacenter IBM,,,,,,,,,,,,,,,,,,,
43.642908,3.830066,,,,,,,,,,,,Datacenter IBM - Grabels,,,,,,,,,,,,,,,,,,,
45.784135,3.131028,,,,,,,,,,,,Datacenter IBO,,,,,,,,,,,,,,,,,,,
48.834879,2.58801,,,,,,,,,,,,Datacenter Marilyn,,,,,,,,,,,,,,,,,,,
48.6532272,6.1302895,node/9045173270,MGEN,data_center,,,,,,,,,Datacenter MGEN,,,,,,,,,,,,,,,,,,,
48.656094,6.150541,,,,,,,,,,,,Datacenter Mutualisé Lorrain,,,,,,,,,,,,,,,,,,,
48.786636,2.21853,,,,,,,,,,,,Datacenter Orange,,,,,,,,,,,,,,,,,,,
48.8628101,2.3583926,node/7902351616,Orange,data_center,,,,,,,,,Datacenter Orange Archives,,,,,,,,,,,,,,,,,,,
48.82918,2.587194,,,,,,,,,,,,Datacenter Oxya,,,,,,,,,,,,,,,,,,,
48.9196226,2.3399387,node/8297362166,RTE,data_center,,,,,,,,,Datacenter RTE,,,,,,,data_center,,,,,,,,,,,,
48.7919993,2.0500164,node/8670043375,RTE,data_center,,,,,,,,,Datacenter RTE,,,,,,,data_center,,,,,,,,,,,,
45.7404807,4.832222,node/8670065237,RTE,data_center,,,,,,,,,Datacenter RTE,,,,,,,,,,,,,,,,,,,
48.621449,2.55372,,,,,,,,,,,,Datacenter Sirius,,,,,,,,,,,,,,,,,,,
50.622915,3.088499,,,,,,,,,,,,Datacenter SNCF RESARAIL,,,,,,,,,,,,,,,,,,,
48.646591,2.499025,,,,,,,,,,,,Datacenter Société Generale,,,,,,,,,,,,,,,,,,,
43.3359205,5.4119359,node/12154384214,Aix-Marseille Université,data_center,,,DC SUD,,,,,,Datacenter Sud,,,,,,,,https://datacentersud.univ-amu.fr/,,,,,,,,,,,
48.7909399,1.9752915,node/7902527604,THALES,data_center,,,,,2,,,Avenue Gay-Lussac,Datacenter Thales Nungesser,,,,,,,,,,,,,,,,,,,
48.844744,2.80433,,,,,,,,,,,,Datacenter Vega,,,,,,,,,,,,,,,,,,,
48.568777,7.782606,,,,,,,,,,,,Datadock,,,,,,,,,,,,,,,,,,,
48.7837888,2.2080871,node/8074063731,dc2scale,data_center,,,,250 m² de salle informatique d’une capacité de 60 racks,16,Vélizy-Villacoublay,78140,Rue Grange Dame Rose,dc2scale Vélizy,https://dc2scale.fr/en/datacenters/velizy/,,,,,,,,"1 floor with a capacity of 250 m², available for individual cages, racks and even individual servers",24/7,+33184207217,,,,,,,,
48.784247,2.209142,,,,,,,,,,,,DC2SCALE Vélizy Latécoère,,,,,,,,,,,,,,,,,,,
48.520133,7.737151,,,,,,,,,,,,DC7 - Euclyde Datacenters,,,,,,,,,,,,,,,,,,,
48.824384,2.725039,,,,,,,,,,,,Digital Realty PAR12,,,,,,,,,,,,,,,,,,,
48.904223,2.371137,,,,,,,,,,,,Digital Realty Paris PAR5,,,,,,,,,,,,,,,,,,,
48.817036,2.404863,,,,,,,,,,,,Digital Realty Paris PAR6,,,,,,,,,,,,,,,,,,,
44.1990193,0.8376222,node/9969529152,,data_center,,,,,,,,,DTC,,,,,,,,,,,,,,,,,,,
47.3400512,5.0776704,node/10241762412,,data_center,,,,,24,Saint-Apollinaire,21850,Rue de la Redoute,DTiX,https://www.dtix.fr/,,,,,,,,,,,,,,,,,,
48.5976468,2.1976171,node/12578588217,,data_center,,,,,,,,,Eclairion,https://eclairion.com/,,,,,,,,,,,,,,,,,,
45.831236,3.115128,,,,,,,,,,,,Ecocenter,,,,,,,,,,,,,,,,,,,
45.7719763,4.8718044,node/6212483563,,data_center,,,,data center,,,,,ELB Group - DATACENTER LYON 3,,,,,,,,,,,,,,,,,,,
44.896468,-0.61193,,,,,,,,,,,,Equinix,,,,,,,,,,,,,,,,,,,
48.927504,2.351696,,,,,,,,,,,,Equinix PA2,,,,,,,,,,,,,,,,,,,
48.927349,2.350044,,,,,,,,,,,,Equinix PA3,,,,,,,,,,,,,,,,,,,
48.900245,2.422163,,,,,,,,,,,,Equinix PA4,,,,,,,,,,,,,,,,,,,
48.905337,2.369764,,,,,,,,,,,,Equinix PA5,,,,,,,,,,,,,,,,,,,
48.910034,2.368283,,,,,,,,,,,,Equinix PA6,,,,,,,,,,,,,,,,,,,
48.9022393,2.3695304,node/6174794770,Equinix,data_center,,Q851641,PA7,data center,45,Aubervilliers,93300,Avenue Victor Hugo,Equinix PA7,,,,,,,,,,,,,,,,,,,
48.904942,2.259407,,,,,,,,,,,,Equinix PA7,,,,,,,,,,,,,,,,,,,
48.900866,2.421541,,,,,,,,,,,,Equinix PA8X,,,,,,,,,,,,,,,,,,,
48.926898,2.348939,,,,,,,,,,,,Equinix PA9X,,,,,,,,,,,,,,,,,,,
48.927554,2.349025,,,,,,,,,,,,Equinix PA10,,,,,,,,,,,,,,,,,,,
48.78904,2.216384,,,,,,,,,,,,Equinix PA13X,,,,,,,,,,,,,,,,,,,
48.984885,2.509284,node/6121625449,Equinix,data_center,,Q851641,,data center,167,Roissy-en-France,95700,Rue de la Belle Étoile,Equinix Paris Roissy - PA1,,,,,,,,,,,,,,,,,,,
46.515429,-1.747832,,,,,,,,,,,,Etix Vendée #2,,,,,,,,,,,,,,,,,,,
43.604518,7.075592,,,,,,,,,,,,Euclyde DC1,,,,,,,,,,,,,,,,,,,
47.226184,5.973837,,,,,,,,,,,,Euclyde DC2,,,,,,,,,,,,,,,,,,,
43.624349,7.038621,,,,,,,,,,,,Euclyde DC3,,,,,,,,,,,,,,,,,,,
45.772448,4.871531,,,,,,,,,,,,Euclyde DC5,,,,,,,,,,,,,,,,,,,
48.839148,2.630539,,,,,,,,,,,,Euclyde DC6,,,,,,,,,,,,,,,,,,,
47.3329339,5.105566,node/13006633477,Euro Information,data_center,,,,,,,,,Euro-Information EIP (Data Center),,,,,,,,,,,,,,,,,,,
48.832055,2.729373,,,,,,,,,,,,Euroclear,,,,,,,,,,,,,,,,,,,
45.782587,4.866057,,,,,,,,,,,,Extension centre de calcul IN2P3,,,,,,,,,,,,,,,,,,,
43.4311399,5.2712857,node/9045239635,FDJ,data_center,,,,,,,,,FDJ,,,,,,,,,,,,,,,,,,,
-22.269447,166.461038,,,,,,,,,,,,Felix Datacenter,,,,,,,,,,,,,,,,,,,
47.8930435,1.852149,node/8744063082,France Travail DSI,data_center,,,,,,,,,France Travail datacenter Orléans,,,,,,,,,,,,,,,,,,,
45.806663,4.77215,,,,,,,,,,,,Free Pro - Datacenter Limonest (LYO02 - DCForData),,,,,,,,,,,,,,,,,,,
43.361335,5.338047,Free Pro - Datacenter Marseille (MAR02),,,,,,,,,,,Free Pro - Datacenter Marseille (MAR02),,,,,,,,,,,,,,,,,,,
45.738597,4.89001,,,,,,,,,,,,Free Pro - Datacenter Rock (LYO03),,,,,,,,,,,,,,,,,,,
43.620077,1.421227,,,,,,,,,,,,Fullsave Toulouse,,,,,,,,,,,,,,,,,,,
48.899963,2.295628,,,,,,,,,,,,Global Switch,,,,,,,,,,,,,,,,,,,
45.168476,5.715111,,,,,,,,,,,,Green DataCenter Eolas,,,,,,,,,,,,,,,,,,,
48.470759,1.327028,,,,,,,,,,,,greenfield,,,,,,,,,,,,,,,,,,,
48.451179,1.43878,,,,,,,,,,,,Greenfield,,,,,,,,,,,,,,,,,,,
47.436042,0.69555,,,,,,,,,,,,Groupe ADISTA,,,,,,,,,,,,,,,,,,,
43.342767,5.367723,,,,,,,,,,,,Interoute,,,,,,,,,,,,,,,,,,,
44.781005,-0.537461,,,,,,,,,,,,Interoute Bordeaux,,,,,,,,,,,,,,,,,,,
48.593245,7.795065,,,,,,,,,,,,Interoute Strasbourg,,,,,,,,,,,,,,,,,,,
48.90727,2.369657,,,,,,,,,,,,Interxion PAR2 - Bâtiment 501,,,,,,,,,,,,,,,,,,,
48.914688,2.362715,,,,,,,,,,,,Interxion PAR3,,,,,,,,,,,,,,,,,,,
48.893933,2.175068,,,,,,,,,,,,Interxion PAR4,,,,,,,,,,,,,,,,,,,
48.914293,2.362232,,,,,,,,,,,,Interxion PAR5,,,,,,,,,,,,,,,,,,,
48.8152095,2.4030379,node/6102606448,Digital Realty,data_center,,Q5275969,,data center,11;15,Ivry-sur-Seine,94200,Rue Galilée,Interxion PAR6,,,,,,,,,,,,,,,,,,,
48.925432,2.402143,,,,,,,,,,,,Interxion PAR7,,,,,,,,,,,,,,,,,,,
48.7742033,2.2379816,node/6289682223,,data_center,,,,data center,,Le Plessis-Robinson,92350,Rue de la Boursidière,KHEOPS Organisation Plessis-Robinson,,,,,,,,,,,,company,,,,,,,
48.7785399,2.2148032,node/6289605233,,data_center,,,,data center,45,Vélizy-Villacoublay,78140,Avenue de l'Europe,KHEOPS Organisation Vélizy-Villacoublay,,,,,,,,,,,,,,,,,,,
50.566993,3.028708,,,,,,,,,,,,La Pointe 1,,,,,,,,,,,,,,,,,,,
45.7574082,4.8996581,node/6212420800,,data_center,,,,data center,,,,,LASOTEL PIXEL69,,,,,,,,,,,,,,,,,,,
48.904392,2.259772,,,,,,,,,,,,Le Prologue,,,,,,,,,,,,,,,,,,,
48.8878271,2.2142352,node/6289564874,Lumen Technologies,data_center,,Q5063092,,data center,55,Nanterre,92000,Avenue des Champs Pierreux,Level (3) Le Capitole Nanterre,,,,,,,yes,,,,,,,,,,,,
50.6273024,3.0778549,node/8930909348,Orange,data_center,,,,,,,,,Lille Boitelle,,,,,,,,,,,,,,,,,,,
50.698957,3.157836,,,,,,,,,,,,Lille Etix #1,,,,,,,,,,,,,,,,,,,
48.982329,2.519345,,,,,,,,,,,,Lumen,,,,,,,,,,,,,,,,,,,
45.7584484,4.8438905,node/8930909347,Orange,data_center,,,,,,,,,Lyon Sévigné,,,,,,,,,,,,,,,,,,,
45.7826171,4.8657454,node/3979838931,,data_center,,,,Nœud d'échange Internet,,,,,LyonIX 1 IN2P3,,,,,,,,,Internet exchange point,,,,,,,,,,
43.30293,5.377207,,,,,,,,,,,,Marseille Nedelec,,,,,,,,,,,,,,,,,,,
43.315085,5.37401,Marseille Saint Mauront - Orange,,,,,,,,,,,Marseille Saint Mauront - Orange,,,,,,,,,,,,,,,,,,,
43.311143,5.374181,MRS1 ,Digital Realty,,,,,,,,,,MRS1 - Digital Realty,,,,,,,,,,,,,,,,,,,
43.338507,5.347252,MRS2 ,,,,,,MRS2 ,,,,,MRS2 - Digital Realty,,,,,,,,,,,,,,,,,,,
43.338226,5.34678,MRS3,,,,,,,,,,,MRS3 - Digital Realty ,,,,,,,,,,,,,,,,,,,
43.339443,5.346479,MRS4,Digital Realty,,,,,,,,,,MRS4 - Digital Realty ,,,,,,,,,,,,,,,,,,,
48.112499,-1.536136,,,,,,,,,,,,Nation Data Center Rennes,,,,,,,,,,,,,,,,,,,
45.903781,4.879011,,,,,,,,,,,,Nexeren,,,,,,,,,,,,,,,,,,,
45.903539,4.879106,,,,,,,,,,,,Nexeren,,,,,,,,,,,,,,,,,,,
45.756625,3.134794,,,,,,,,,,,,O2Switch DC2,,,,,,,,,,,,,,,,,,,
46.6071036,0.3254948,node/13357674614,,data_center,,,,,,,,,Okantis,,,,,,,,,,,,,,,,,,,
48.925488,2.223101,,,,,,,,,,,,OPCORE DC1,,,,,,,,,,,,,,,,,,,
48.794684,2.411752,,,,,,,,,,,,OPCORE DC2,,,,,,,,,,,,,,,,,,,
48.774759,2.379785,,,,,,,,,,,,OPCORE DC3,,,,,,,,,,,,,,,,,,,
49.053719,2.137806,,,,,,,,,,,,OPCORE DC5,,,,,,,,,,,,,,,,,,,
48.90899,2.394505,,,,,,,,,,,,Orange - Aubervilliers,,,,,,,,,,,,,,,,,,,
48.863388,2.415984,,,,,,,,,,,,Orange Eastview,,,,,,,,,,,,,,,,,,,
45.755128,4.86351,,,,,,,,,,,,Orange Lyon Lumière - Centrale,,,,,,,,,,,,,,,,,,,
43.593555,1.370995,,,,,,,,,,,,Oscar,,,,,,,,,,,,,,,,,,,
51.016671,2.154865,,,,,,,,,,,,OVHcloud Gravelines,,,,,,,,,,,,,,,,,,,
48.8883144,2.376468,node/6222911368,,data_center,,,,data center,6bis,Paris,75019,Rue Riquet,OVHcloud Paris,,,,,,,,,,,,,,,,,,,
50.692747,3.200026,,,,,,,,,,,,OVHcloud Roubaix - RBX1,,,,,,,,,,,,,,,,,,,
50.691442,3.201635,,,,,,,,,,,,OVHcloud Roubaix - RBX2,,,,,,,,,,,,,,,,,,,
50.692869,3.199189,,,,,,,,,,,,OVHcloud Roubaix - RBX3,,,,,,,,,,,,,,,,,,,
50.691204,3.200798,,,,,,,,,,,,OVHcloud Roubaix - RBX4,,,,,,,,,,,,,,,,,,,
50.692529,3.199382,,,,,,,,,,,,OVHcloud Roubaix - RBX5,,,,,,,,,,,,,,,,,,,
50.691755,3.199564,,,,,,,,,,,,OVHcloud Roubaix - RBX6,,,,,,,,,,,,,,,,,,,
50.691571,3.198041,,,,,,,,,,,,OVHcloud Roubaix - RBX7,,,,,,,,,,,,,,,,,,,
48.586005,7.797411,,,,,,,,,,,,OVHcloud Strasbourg - SBG-3,,,,,,,,,,,,,,,,,,,
48.586501,7.79747,,,,,,,,,,,,OVHcloud Strasbourg - SBG-5,,,,,,,,,,,,,,,,,,,
50.616735,3.022356,,,,,,,,,,,,Oxya Datacenter,,,,,,,,,,,,,,,,,,,
48.927448,2.397723,,,,,,,,,,,,PAR08,,,,,,,,,,,,,,,,,,,
48.926926,2.398603,,,,,,,,,,,,PAR9,,,,,,,,,,,,,,,,,,,
48.927462,2.39959,,,,,,,,,,,,PAR10,,,,,,,,,,,,,,,,,,,
48.927955,2.398818,,,,,,,,,,,,PAR11,,,,,,,,,,,,,,,,,,,
48.928167,2.397873,,,,,,,,,,,,Paris Digital Park  - Digital Realty,,,,,,,,,,,,,,,,,,,
48.834992,2.307279,,,,,,,,,,,,Paris St Amand,,,,,,,,,,,,,,,,,,,
43.3124463,5.3747661,node/12546664021,Phocea DC,data_center,,,,,,,,,Phocea DC,,,,,,,,,,,,,1.2 MW,,,,,,
47.089366,-1.554812,,,,,,,,,,,,Proginov,,,,,,,,,,,,,,,,,,,
48.8361144,2.2351265,node/6289587203,,data_center,,,,data center,150,Boulogne-Billancourt,92100,Rue Gallieni,Prosodie Boulogne,,,,,,,,,,,,,,,,,,,
48.600426,7.744232,,,,,,,,,,,,Quiri,,,,,,,,,,,,,,,,,,,
45.255283,6.396575,,,,,,,,,,,,Salle Serveurs CCCM,,,,,,,,,,,,,,,,,,,
45.7343987,4.8156496,node/7902551102,Euronews,data_center,,,,,,,,,Salle technique Euronews,,,,,,,,,,,,,,,,,,,
48.8290685,2.2646559,node/7902398865,Eurosport,data_center,,,,,,,,,Salle technique Eurosport,,,,,,,,,,,,,,,,,,,
48.8383154,2.2724395,node/7902392228,France Télévisions,data_center,,,,,,,,,Salle Technique France Télévisions,,,,,,,,,,,,,,,,,,,
48.8378088,2.2726816,node/9002117313,France Télévisions,data_center,,,,,,,,,Salle Technique France Télévisions,,,,,,,,,,,,,,,,,,,
48.8401338,2.2816846,node/9002195217,France Télévisions,data_center,,,,,,,,,Salle Technique France Télévisions,,,,,,,,,,,,,,,,,,,
48.8275703,2.2634734,node/7902546622,Groupe CANAL,data_center,,,,,,,,,Salle technique Groupe CANAL,,,,,,,,,,,,,,,,,,,
48.8331955,2.2373711,node/9002203858,Groupe Canal,data_center,,,,,,,,,Salle Technique Groupe Canal,,,,,,,,,,,,,,,,,,,
48.8811889,2.2731747,node/7902413338,Groupe M6,data_center,,,,,,,,,Salle technique Groupe M6,,,,,,,,,,,,,,,,,,,
48.8805935,2.2722108,node/7902421304,Groupe M6,data_center,,,,,,,,,Salle technique Groupe M6,,,,,,,,,,,,,,,,,,,
48.8852886,2.4225686,node/7902360503,TDF,data_center,,,,,,,,,Salle technique TDF,,,,,,,,,,,,,,,,,,,
48.8574197,2.2942124,node/7902383458,TDF,data_center,,,,,,,,,Salle technique TDF,,,,,,,,,,,,,,,,,,,
48.8338186,2.2597533,node/7902383102,TF1,data_center,,,,,,,,,Salle technique TF1,,,,,,,,,,,,,,,,,,,
48.8836266,2.3018423,node/7902341447,TV5MONDE,data_center,,,,,,,,,Salle Technique TV5MONDE,,,,,,,,,,,,,,,,,,,
47.996843,0.228589,,,,,,,,,,,,Sartera,,,,,,,,,,,,,,,,,,,
48.829557,2.2959949,node/6229455977,Scaleway,data_center,,Q3352745,,data center,,,,,Scaleway Datacenter DC4,,Paris,58,75015,Boulevard Lefebvre,,,,,,,,,Iliad Datacenter DC4,Online.net DC4,fr:Scaleway,Q110914878,,
47.8237498,1.9201411,node/6015712298,,data_center,,,,data center,770,Ardon,45160,Avenue de la Pomme de Pin,Scitis-Zen DataCenter Hitachi,,,,,,,,,,,,,,,,,,,
48.782975,2.208617,,,,,,,,,,,,SFR,,,,,,,,,,,,,,,,,,,
49.253171,1.177619,,,,,,,,,,,,SFR,,,,,,,,,,,,,,,,,,,
44.888928,-0.556676,,,,,,,,,,,,SFR Netcenter Bordeaux,,,,,,,,,,,,,,,,,,,
48.9039127,2.2579948,node/6102417414,SFR,data_center,,Q218765,,,124,Courbevoie,92400,Boulevard de Verdun,SFR Netcenter Courbevoie,,,,,,,,,,,,,,,,,,,
48.109838,-1.613617,,,,,,,,,,,,SFR Netcenter Rennes,,,,,,,,,,,,,,,,,,,
48.5686359,7.7821507,node/6102460998,SFR,data_center,,Q218765,,data center,1,Strasbourg,67000,Rue du Havre,SFR Netcenter Strasbourg,,,,,,,,,,,,,,,,,,,
45.722435,4.862781,,,,,,,,,,,,SFR Netcenter Vénissieux,,,,,,,,,,,,,,,,,,,
47.277831,-1.469336,,,,,,,,,,,,Sigma Carquefou,,,,,,,,,,,,,,,,,,,
48.765751,2.001057,,,,,,,,,,,,Site technique SFR,,,,,,,,,,,,,,,,,,,
48.76807,2.002258,,,,,,,,,,,,Site technique SFR,,,,,,,,,,,,,,,,,,,
48.975879,2.646503,,,,,,,,,,,,Site Technique SFR,,,,,,,,,,,,,,,,,,,
48.972104,2.075214,,,,,,,,,,,,Site technique SFR,,,,,,,,,,,,,,,,,,,
50.678268,3.016841,,,,,,,,,,,,sm3,,,,,,,,,,,,,,,,,,,
50.677513,3.017206,,,,,,,,,,,,sm4,,,,,,,,,,,,,,,,,,,
46.204622,1.393676,,,,,,,,,,,,SostraData,,,,,,,,,,,,,,,,,,,
46.738684,-1.990113,,,,,,,,,,,,station d'atterrage,,,,,,,,,,,,,,,,,,,
48.8369186,2.6411727,node/6289858502,,data_center,,,,,93,Lognes,77185,Cours des Petites Écuries,Sungard AS IT,,,,,,,,,,,,,,,,,,,
48.836956,2.641826,,,,,,,,,,,,Sungard AS IT,,,,,,,,,,,,,,,,,,,
45.7845355,4.8882392,node/6212512538,,data_center,,,,data center,,,,,"SynAApS - SaaS, PaaS, Housing",,,,,,,,,,,,,,,,,,,
43.626858,7.051667,,,,,,,,,,,,TAS Group,,,,,,,,,,,,,,,,,,,
43.460769,5.324335,TDF ProxiCenter Aix Marseille,,,,,,,,,,,TDF ProxiCenter Aix Marseille,,,,,,,,,,,,,,,,,,,
44.8196658,-0.5055491,node/6103694303,,data_center,,,,data center,26,,,Avenue du Domaine de Vialle,TDF ProxiCenter Bordeaux Bouliac,,,,,,,,,,,,,,,,,,,
48.1246847,-1.6276443,node/6110817631,,data_center,,,,data center,2,Cesson-Sévigné,35510,Rue du Clos Courtel,TDF ProxiCenter de Rennes-Cesson,,,,,,,,,,,,,,,,,,,
50.6485978,3.0399115,node/6110614473,,data_center,,,,,35,Lambersart,59130,Rue Gambetta,TDF ProxiCenter Lille Lambersart,,,,,,,,,,,,,,,,,,,
50.3454868,3.5431852,node/8048285522,Techcréa Solutions - First Heberg,data_center,,,,,,,,,Techcréa Solutions,,,,,,,,,,,,,,,,,,,
48.9046324,2.2579494,node/6016440346,,data_center,,,,data center,130,Courbevoie,92400,Boulevard de Verdun,TelecityGroup Paris Courbevoie,,,,,,,,,,,,,,,,,,,
48.8697319,2.3441419,node/6102483146,,data_center,,,,data center,,,,,Telehouse 1,,Paris,38,75002,Rue des Jeûneurs,,,,,,,,,,,,,,
48.726243,2.076738,,,,,,,,,,,,Telehouse 3,,,,,,,,,,,,,,,,,,,
48.8561326,2.3833044,node/6015635281,,data_center,,,,data center,137,Paris,75011,Boulevard Voltaire,Telehouse Paris Voltaire,,,,,,,,,,,,,,,,,,2024-09-22,
43.361023,5.337918,Telehouse THM1,,,,,,,,,,,Telehouse THM1,,,,,,,,,,,,,,,,,,,
48.9729024,2.5100716,node/6289312996,,data_center,,,,data center,22,Villepinte,93420,Avenue des Nations,Telia ROSY Villepinte,,,,,,,,,,,,,,,,,,,
45.9367016,6.6306129,node/6102739953,,data_center,,,,data center,,Sallanches,74700,,THD Global 1,,,,,,,,,,,,,,,,,,,
43.33935,5.366768,Verizon,Verizon,Verizon,,,,,,,,,Verizon,,,,,,,,,,,,,,,,,,,Verizon
49.518425,0.350479,,,,,,,,,,,,Webaxys,,,,,,,,,,,,,,,,,,,
50.566952,3.040123,,,,,,,,,,,,Worldline Dassault,,,,,,,,,,,,,,,,,,,
43.127815,5.932928,,,,,,,,,,,,XL 360 Data center,,,,,,,,,,,,,,,,,,,
43.584681,3.871973,,,,,,,,,,,,Zayo Montpellier,,,,,,,,,,,,,,,,,,,
43.625343,1.487017,,,,,,,,,,,,Zayo Toulouse,,,,,,,,,,,,,,,,,,,
48.780642,2.217103,,,,,,,,,,,,Zayo Velizy,,,,,,,,,,,,,,,,,,,
48.8695816,2.3476887,node/9373660259,zColo France,data_center,,,,,"19,21",Paris,75002,Rue Poissonnière,zColo Poissonnière,,,,,,,,,,,,,,,,,,,